{
  "version": 1,
  "author": "Anonymous maker",
  "editor": "wokwi",
  "parts": [
    { "type": "wokwi-arduino-mega", "id": "mega", "top": -35.34, "left": -18, "attrs": {} },
    { "type": "wokwi-servo", "id": "servo1", "top": 189.1, "left": 95.99, "attrs": {} }
  ],
  "connections": [
    [ "mega:GND.2", "servo1:GND", "black", [ "v33.01", "h-108.25", "v56.67" ] ],
    [ "mega:5V", "servo1:V+", "red", [ "v61.67", "h-81.83" ] ],
    [ "servo1:PWM", "mega:12", "gold", [ "h-142.66", "v-13.93", "v0", "v-270.51" ] ]
  ]
}